employee_id,name,role,department,manager
73-7459466,Germaine Swabey,Accounting Assistant I,Business Development,Tracy Wellesley
00-3145143,Chase Batting,Payment Adjustment Coordinator,Sales,Borden Giovanardi
44-8118427,Roxine Sherrin,Analog Circuit Design manager,Services,Beth Gadman
58-4586121,Jules Jobbings,Account Representative III,Engineering,Vernice Pragnell
38-3430061,Currey Arrault,Research Assistant IV,Human Resources,Micki Stepto
75-7475898,Joy Hateley,Graphic Designer,Marketing,Myrtie Gorrissen
60-6503792,Jaquith Twede,Librarian,Accounting,Dollie Purvess
08-1069168,Carmina Leal,Software Consultant,Sales,Doria Newstead
03-0262427,Marielle Jacomb,Product Engineer,Marketing,Bancroft Paskell
09-8354493,Packston Capnor,Senior Developer,Marketing,Davine Moss
96-1807442,Sigfrid Menicomb,Pharmacist,Legal,Garry Leyzell
40-0555181,Eyde Tamsett,Systems Administrator III,Sales,Elly Sesons
62-0077768,Kylie Campione,VP Accounting,Research and Development,Allx L'Homme
39-2935462,Hamel Cloney,Paralegal,Marketing,Ninnetta Carlino
26-7056984,Raffarty Heatley,Editor,Engineering,Petronille Kulicke
72-3415795,Gale Haire,Social Worker,Research and Development,Bryon Belitz
62-1664705,Grover Lease,Software Consultant,Engineering,Edgar Abramovitz
02-3553103,Franky Malloy,Senior Quality Engineer,Engineering,Kaia Lethebridge
35-1513964,Gibbie O'Keaveny,Senior Sales Associate,Accounting,Harmonia Jillions
80-5623685,Janean Kitman,Sales Representative,Services,Christalle McKendo
88-9166079,Rozelle Sumnall,Graphic Designer,Human Resources,Kris Luto
32-3654035,Fanny Course,Compensation Analyst,Accounting,Koren Brewin
82-5241791,Giorgio McDermid,Biostatistician IV,Product Management,Gerri Chaloner
13-0891700,Connor Panter,Structural Analysis Engineer,Marketing,Wilone Ship
90-0828421,Adolph Buzzing,Speech Pathologist,Marketing,Analiese Fulker
88-2272001,Thurstan Trunks,Recruiting Manager,Human Resources,Jacqui Carrol
42-1779145,Lodovico Dawtry,Senior Editor,Business Development,Kurtis Galloway
94-8780910,Celesta Ivic,Graphic Designer,Engineering,Kira Ritchman
36-8133649,Lorita Moorcroft,GIS Technical Architect,Services,Hy Manicomb
93-9978168,Glendon MacMychem,Biostatistician II,Services,Carlie Bewshaw
51-0602873,Roselia Balle,Executive Secretary,Human Resources,Toma Lipprose
42-8341167,Berkeley Runcieman,Research Assistant IV,Sales,Kiel Losseljong
39-7744772,Robby Edson,Nurse Practicioner,Accounting,Kevin Valiant
67-5427038,Darrell Ivers,Assistant Professor,Accounting,Ralina Simonds
80-0768184,Jaquenette Bellringer,Software Test Engineer I,Sales,Tad Jepp
53-4442741,Dillon Ivashnyov,Programmer Analyst III,Human Resources,Willi Gallandre
59-2213191,Lucine Twentyman,Software Test Engineer III,Business Development,Marys Chastanet
56-6723140,Tyrus Cowern,Chief Design Engineer,Support,Corinne Gardiner
71-1851884,Woody Barwood,Account Executive,Accounting,Katharina Clayworth
70-8038337,Eadith Goodier,General Manager,Accounting,Judie Nacci
74-4973627,Kippie Ferreres,Computer Systems Analyst I,Marketing,Percy Wixon
04-0749600,Serena Ockland,Structural Engineer,Legal,Denice Manuel
39-7018117,Codie Isaacs,Data Coordiator,Human Resources,Sibel Bamford
61-3446785,Jillian Moles,Research Associate,Human Resources,Troy Baird
15-7176541,Garrett Gowthrop,Accounting Assistant III,Business Development,Meggi Disley
47-4950910,Lily Vedeniktov,VP Product Management,Business Development,Salim Goodluck
93-1870678,Leontyne Sprakes,Social Worker,Sales,Emmerich Dollman
15-7703666,Thedrick Loxdale,Biostatistician III,Training,Niles Frye
62-5888233,Felix Curton,Legal Assistant,Services,Alden Hedon
67-2872632,Sandye Trillow,Analyst Programmer,Support,Dyna Tugwell
48-2611415,Martynne Butchard,Administrative Assistant II,Product Management,Ginny Atrill
82-2250859,Bette-ann Liepina,Senior Developer,Product Management,Howey Thursby
63-6369700,Vassily Burrill,Staff Scientist,Product Management,Ewell Warlock
64-7307623,Svend Feldmesser,Computer Systems Analyst I,Legal,Korrie Trevaskus
98-1280821,Kennith Keming,Assistant Professor,Business Development,Erminia Adds
62-7837778,Brynn Kivlin,Sales Associate,Product Management,Keriann Thorndale
43-9117684,Redd Redsull,Web Designer IV,Engineering,Gayle Jacqueme
67-2586215,Garold Guidi,Human Resources Manager,Business Development,Bartie Palfreyman
22-5223741,Omero Le Frank,Editor,Product Management,Selig Henricsson
48-1274883,Carmelina Cavanaugh,Senior Editor,Product Management,Maynard Caswall
02-0449232,Bev De Vries,Dental Hygienist,Research and Development,Fabien Huckle
93-2262595,Alexandra Kilmurry,Desktop Support Technician,Product Management,Kiley Gitting
36-0956375,Madelene Paoletti,Community Outreach Specialist,Engineering,Isiahi Burl
82-1997439,Jordanna Littleproud,Marketing Assistant,Business Development,Pyotr Clayhill
31-3324955,Portia Khan,Senior Editor,Engineering,Blondell Frichley
67-7279977,Nani Fenwick,Chief Design Engineer,Business Development,Johannah Dearnly
21-4918926,Wes Belham,Associate Professor,Marketing,Anette Nise
16-7491147,Gayla Sidaway,Speech Pathologist,Human Resources,Orly Greason
97-3123397,Urbanus Osgerby,Community Outreach Specialist,Marketing,Winthrop Meineck
53-9803249,Brett Mardoll,Environmental Specialist,Sales,Ravi Piatti
33-6236867,Calypso De Zuani,Executive Secretary,Business Development,Di Govern
06-6964499,Diandra Sainsbury-Brown,Marketing Assistant,Marketing,Auberta Press
56-3581471,Dew Braidford,Graphic Designer,Sales,Cornela Perin
17-9491885,Merwin De Pero,Associate Professor,Support,Frayda Marciskewski
95-1996847,Carmela Christofle,Account Executive,Training,Basilius Fordy
34-8702760,Chrysler Eshelby,Statistician II,Marketing,Ines Margetson
30-7202137,Darlene Cowden,Business Systems Development Analyst,Accounting,Alyssa Verrillo
10-8043537,Pavia Macken,Nurse,Legal,Zabrina Elsy
97-7349079,Ranna Linthead,Assistant Professor,Training,Urbano Fitzer
93-7102086,Adriaens Ryburn,Product Engineer,Training,Selina Synder
81-0506506,Jerome Anderl,Actuary,Support,Tyrus Giacobo
17-5427785,Merrick Devonald,Librarian,Sales,Cori Cheng
81-6378453,Wesley Cutsforth,Environmental Specialist,Accounting,Reba Chiplen
14-3619684,Holden Barbour,Administrative Assistant IV,Engineering,Ki Laterza
97-1706337,Perry Jenckes,Dental Hygienist,Accounting,Maison Jancso
26-3672345,Chick Cortez,Operator,Training,Jeremiah Shiel
69-3152493,Caitrin Pharrow,Research Nurse,Engineering,Micki Dear
99-1391379,Perla Ogborn,Engineer III,Training,Demetria Moreing
18-7711813,Cairistiona Kemitt,Product Engineer,Accounting,Siusan Fontin
12-0545003,Trey Tooley,Staff Accountant II,Accounting,Avie Sellens
81-9276593,Astrid Branscomb,Data Coordiator,Product Management,Lemmie Evreux
88-1440140,Carolyne Rule,Senior Cost Accountant,Legal,Dore Luten
51-0133565,Rudie Crufts,Quality Engineer,Accounting,Basilio Farlham
10-8176624,Curr Keyhoe,Pharmacist,Product Management,Yettie Gamlyn
67-3348613,Bax De la Zenne,Developer II,Business Development,Hershel Moreing
10-4350050,Miquela Coop,Nurse,Engineering,Cahra Bourdice
87-8684085,Aubrie Spadari,Electrical Engineer,Product Management,Vasily Gierok
91-1602077,Odella Berntssen,Account Executive,Marketing,Faber Stamp
27-6440071,Orsa Rumens,Speech Pathologist,Human Resources,Dani Clough
26-1582937,Niels Connikie,VP Quality Control,Accounting,Stevena Sherborne
66-9218725,Anni Pool,Marketing Manager,Marketing,Sharl Linge
52-1489657,Tessi Broadbere,Accountant I,Engineering,Bronson Snaddon
36-7347527,Gabe Llewelyn,Software Engineer III,Product Management,Glenden Rebbeck
71-9459367,Venita Ruprecht,Payment Adjustment Coordinator,Research and Development,Jasmin Guntrip
77-6251986,Clair O'Crotty,Web Designer II,Marketing,Charline Midgley
77-7791781,Manon Fildery,Structural Analysis Engineer,Accounting,Lanette Spickett
13-0335397,Jasen Dubble,Accounting Assistant III,Research and Development,Agneta Kock
21-0922655,Adore Mityushkin,Accountant IV,Sales,Francklyn Buggs
30-2924345,Cobbie Mullarkey,Account Coordinator,Human Resources,Cammy Broadist
18-3224426,Eugine August,Project Manager,Product Management,Cathlene Clavey
54-8125678,Jud Pecey,Software Consultant,Business Development,Allix Crossby
13-0258734,Ian Harlick,Help Desk Technician,Legal,Thedric Spadaro
40-2642780,Duke Anscombe,Senior Quality Engineer,Human Resources,Walden Beauvais
70-5294819,Jodie Gale,Mechanical Systems Engineer,Sales,Lynn Greenrod
42-7010545,Joseph Betterton,Desktop Support Technician,Product Management,Albie Olifaunt
33-9922479,Hildegarde Crocroft,Professor,Support,Arlin Gouly
63-6692388,Robbyn Revel,Engineer I,Marketing,Dore Spencer
81-0768068,Torin Thorsen,Office Assistant I,Sales,Latisha Hussey
96-8727440,Christian Tighe,Environmental Tech,Engineering,Decca Joney
33-5869470,Burton Greder,Environmental Tech,Business Development,Kennan Lonie
41-4165752,Felicle Tranmer,Technical Writer,Accounting,Leland Stutard
78-5449270,Lenee Allans,Compensation Analyst,Human Resources,Clio Saing
99-6580196,Eleanore Haysman,Assistant Manager,Accounting,Casi Barnhart
57-4209153,Joni Lindblad,Assistant Professor,Marketing,Gayel Winton
76-2287578,Celestia Spring,Design Engineer,Business Development,Avis Philcott
86-4054691,Jeff Dofty,Office Assistant IV,Engineering,Remy Treamayne
24-9089444,Mady Brixey,Tax Accountant,Marketing,Brennan Kippax
78-2583683,Ozzy Crumbie,Developer IV,Product Management,Sheelah Dermott
98-8218932,Humbert Mosen,Accountant IV,Services,Theodoric Hardison
46-8317271,Anthiathia Innocent,Office Assistant II,Research and Development,Lewiss Meadmore
84-0289452,Lorna De Zamudio,Tax Accountant,Engineering,Keary Dales
08-0846375,Justen Kordes,Human Resources Manager,Services,Erwin Eagan
57-4008496,Cosette Amerighi,VP Quality Control,Business Development,Beltran Tout
44-5444870,Ferris Shipsey,Senior Cost Accountant,Support,Nelie Doughartie
59-7297442,Lock McNelly,Research Assistant II,Marketing,Adler Rowberry
97-8469123,Tricia Bamford,Sales Representative,Marketing,Verene Cleever
59-0335874,Max Brocks,Geological Engineer,Services,Cecilia McElroy
75-9343773,Lisle Hedworth,VP Accounting,Engineering,Lloyd Roderham
13-7431107,Ginnie O'Cullen,Analyst Programmer,Research and Development,Elianore Skydall
77-4775374,Alberta Flippen,Operator,Legal,Catharina Newlands
26-4418328,Morna Siveyer,Biostatistician I,Sales,Fitzgerald Donlon
53-9239360,Laureen Scartifield,Executive Secretary,Accounting,Clerkclaude Gaddie
93-9193124,Darn Pappi,Quality Engineer,Support,Norbert Spenley
76-5560421,Cathe Fahy,Food Chemist,Product Management,Abbott Speares
73-2968953,Netti Yeell,Occupational Therapist,Product Management,Erinn Asker
43-3030075,Kippy McLurg,Web Developer III,Engineering,Maureen Petrenko
62-3812719,Cherin Percifull,Recruiting Manager,Human Resources,Percy Ledward
11-4186404,Angelo Kroon,Sales Associate,Accounting,Cherie Shovel
51-7347249,Lebbie Ridgedell,Human Resources Assistant IV,Business Development,Antonius Emmines
61-0756134,Lemar Cockhill,Payment Adjustment Coordinator,Business Development,Alecia McCullough
81-4800765,Rosalyn Itzkowicz,Desktop Support Technician,Engineering,Garret Rupert
03-9213256,Cookie Whitford,Civil Engineer,Support,Jacki Apperley
56-2912047,Doris Charman,Senior Financial Analyst,Business Development,Tessie Clubb
67-3399484,Marlena McTavish,Food Chemist,Legal,Arline MacCosty
55-0099517,Cherish Jerrome,Quality Engineer,Business Development,Giana MacFaell
81-4976565,Joan Jime,Account Coordinator,Support,Lian Motherwell
11-1813224,Sophi McKoy,Chemical Engineer,Engineering,Tremayne Buer
48-3083615,Asa Youle,Biostatistician III,Training,Linell Hare
14-9927288,Aurelie Brosini,Compensation Analyst,Sales,Stephanie Offner
76-7234713,Joleen Ferrie,Staff Scientist,Legal,Enrica Cobon
58-0976258,Ansley McKenna,Media Manager III,Business Development,Tedd Mounsie
17-8621720,Burl Blaszczynski,Accountant I,Training,Margi Lean
79-7766344,Chicky Leverington,Programmer IV,Support,Findlay Wrotham
03-5964989,Karine Proske,Cost Accountant,Accounting,Kessiah Mintrim
23-7295689,Frederigo Templman,Administrative Assistant IV,Services,Harcourt Mebius
43-9283765,Helena Sullly,Sales Representative,Accounting,Davide Stafford
87-3785891,Denny Greenall,Structural Analysis Engineer,Business Development,Bob Bauman
79-4207197,Lacee McKeller,Programmer II,Accounting,Retha Gabler
12-4094611,Maren Poolton,Junior Executive,Training,Liesa Brusin
60-0843786,Demetria Stuckow,Developer I,Research and Development,Jennilee Newlin
68-0528888,Sol Chance,Financial Analyst,Services,Arley Newgrosh
46-9387239,Baryram Yonge,Civil Engineer,Legal,Rafaela Nurcombe
06-4882013,Fiona Klimke,Payment Adjustment Coordinator,Product Management,Ivie Illiston
19-6603703,Lionello Lowbridge,Administrative Assistant III,Marketing,Halimeda Durnall
71-9962694,Del Bendix,Product Engineer,Research and Development,Raimundo Weald
95-7683607,Nertie Ratter,Assistant Professor,Sales,Beverlee Pillman
23-0267385,Ally Duxbarry,Software Test Engineer I,Human Resources,Slade Magee
90-1853608,Alyssa Skeen,Clinical Specialist,Legal,Ingar Manson
93-1331021,Letisha Crady,Chemical Engineer,Sales,Osbourn Glitherow
18-5457658,Lennie Simoneau,Staff Scientist,Research and Development,Terence Breen
84-1519262,Lenka Falla,VP Quality Control,Engineering,Brooke Stuchbury
89-4144842,Kakalina Bercher,Technical Writer,Accounting,Analiese Cudmore
67-2850214,Ryann Elcoux,General Manager,Accounting,Noel Tithacott
59-3597070,Isidro Wilmot,Web Developer I,Sales,Jeanie Pirrey
50-5156366,Jsandye Trusty,Design Engineer,Legal,Pate Kiss
36-2436441,Rollins Mayling,VP Marketing,Accounting,Trula Golston
29-6797057,Fanchette McGaughie,General Manager,Research and Development,Juliann See
17-7970772,Lazare Tomkiss,Actuary,Product Management,Aaron Acors
26-7860189,Eugene Lightbody,Financial Advisor,Research and Development,Drusi Taill
98-2981843,Dimitry Sedgman,Biostatistician I,Sales,Paloma Rubenczyk
54-8743511,Bernardo Haglinton,Research Associate,Services,Odelle Simson
17-1662501,Babbette Snowdon,VP Quality Control,Support,Tina Whetton
76-0728570,Reube Hall,Nurse,Marketing,Viv Gumn
38-4229767,Reinald Reynault,Junior Executive,Services,Haleigh Misk
25-1690081,Lian Nanetti,Speech Pathologist,Services,Aleda Martinuzzi
73-5074624,Rogers Scriviner,GIS Technical Architect,Services,Conrado Shinfield
17-9960578,Felike Vasyukhin,Marketing Manager,Engineering,Erich Karpf
72-5551154,Townsend Darco,Statistician IV,Accounting,Anita Mansion
33-0316736,Barton Shegog,Account Coordinator,Marketing,Bernette Goby
17-4548733,Galven Borsay,Accountant IV,Product Management,Brandy Colicot
59-7731241,Huntley Deverose,Administrative Officer,Training,Chrysler Cobleigh
50-5577388,Brittany Leroux,Developer II,Human Resources,Adele Bickerdyke
93-1905704,Anette Glaserman,Food Chemist,Marketing,Gwenni Conigsby
03-0472767,Dudley Matussov,VP Marketing,Training,Sharai Edwardes
68-0553696,Allayne Loughlan,Executive Secretary,Marketing,Ford Weeds
68-8153705,Wilmar Wharf,Editor,Accounting,Shelia Clac
86-5201522,Reggi Palffy,Structural Analysis Engineer,Marketing,Torie Fleming
33-3442231,Katee Dahl,Systems Administrator IV,Business Development,Raviv Whewell
39-2716239,Thurstan Siberry,Human Resources Assistant IV,Business Development,Idalina Pawlik
19-1891157,Gypsy Voaden,Office Assistant IV,Product Management,Audi Januszewicz
78-0728095,Joanie Robertazzi,Office Assistant II,Research and Development,Celinka Brafferton
55-4169619,Prescott Stronach,Help Desk Operator,Support,Nixie Hayesman
67-1345722,Rickert McGarrity,Information Systems Manager,Engineering,Welby Boxell
94-3998573,Etienne Lacase,Nuclear Power Engineer,Accounting,Carlynne Verty
84-9561507,Tierney Ouldcott,Community Outreach Specialist,Support,Buffy Basile
78-8993839,Yurik Stuckey,VP Product Management,Marketing,Ree Harmer
78-1073270,Sheree Wilkenson,Software Test Engineer IV,Services,Lida Pomfrett
34-7211467,Terrye Pickaver,Research Nurse,Business Development,Kim Seargeant
52-4309920,Timmy Swallwell,Staff Scientist,Research and Development,Aidan Roja
68-3921257,Lillis Belz,Sales Associate,Engineering,Twila Togher
66-5282374,Jerrold Melley,General Manager,Product Management,Mickie Nanni
15-0314300,Johnath Pykett,Design Engineer,Sales,Ralina Merrall
60-4251269,Valma Parkin,Geologist IV,Engineering,Jessy Hyndman
31-6782810,Geoffrey Goodere,Chemical Engineer,Legal,Hasheem Collomosse
02-2934469,Olenka Dickons,Research Associate,Research and Development,Silvanus Joinson
70-2135353,Lori Stamps,Financial Advisor,Accounting,Gayle McGuiney
86-6740001,Caro Burkhill,Associate Professor,Accounting,Morgana Francesc
06-0781651,Jacenta Rakes,Desktop Support Technician,Research and Development,Irving Thewys
68-9665556,Jephthah Elham,Payment Adjustment Coordinator,Marketing,Blakeley Tomlinson
73-5442182,Clarke Cultcheth,VP Accounting,Accounting,Bobbie Glaserman
42-9291540,Romy Goffe,Statistician IV,Engineering,Delphinia Garlinge
50-9092247,Amabelle Milleton,Assistant Media Planner,Accounting,Reinold Sidwick
04-0027963,Alanson Sawers,Junior Executive,Research and Development,Tabbatha Needs
80-4508174,Jamesy Sidey,Physical Therapy Assistant,Marketing,Mendel Springthorpe
78-2074834,Danielle Baden,Nurse Practicioner,Sales,Jeremiah Hayden
97-5167592,Eliot Orneles,Compensation Analyst,Services,Diannne Coldman
30-0471404,Jock Mulligan,Accountant IV,Human Resources,Matilda Lackmann
83-1225628,Denver Knott,Account Coordinator,Marketing,Kati Pietruszka
37-6362317,Clayborn Goodered,Research Associate,Product Management,Ariela McFfaden
14-9516979,Hatti Chellingworth,Structural Analysis Engineer,Sales,Yoko Wickendon
64-3089457,Gwenora Hamerton,Civil Engineer,Sales,Mortimer Cisson
90-6700069,Creight Edwinson,Data Coordiator,Training,Greta Twitchings
05-7294036,Edlin Vango,Actuary,Sales,Ansell Celes
55-8975830,Hali Hoggins,Mechanical Systems Engineer,Business Development,Cammi Polet
64-7750216,Becki Feldstein,Clinical Specialist,Engineering,Chevy Vuitte
83-4209493,Alyosha Camili,Food Chemist,Marketing,Dulci Hawick
60-3599661,Rik Luck,Nurse,Business Development,Vassily Ahren
41-1006901,Hale Odom,Graphic Designer,Marketing,Mil Weinham
97-9702886,Leyla Tejada,Executive Secretary,Sales,Hesther McCunn
33-2248639,Wrennie Higbin,Health Coach II,Legal,Eydie Georgius
32-9632489,Katrina Gunston,Administrative Officer,Marketing,Loria Cardnell
31-3972340,Darwin Kellick,Geologist II,Research and Development,Madel Keford
37-8553266,Ara Burgon,Assistant Media Planner,Marketing,Liana Carrett
79-9270270,Erna Merrett,Electrical Engineer,Research and Development,Amabelle O'Mahoney
53-8873051,Meryl Brisker,Food Chemist,Legal,Christopher Daviddi
49-7079997,Petey Colville,Geological Engineer,Services,Emmett Geering
39-2854954,Gabey Hinrich,Administrative Assistant II,Sales,Adelaida Palia
79-1773815,Fidel Vlasyuk,Compensation Analyst,Support,Crissie Fripps
80-1404268,Alexandr Andrich,Senior Editor,Product Management,Janeta Beardow
13-6098389,Savina Agget,VP Marketing,Training,Ancell Bulcroft
97-4695818,Camey Heliar,Graphic Designer,Business Development,Isaiah Athey
86-7069796,Tammy Wigg,Analog Circuit Design manager,Human Resources,Saundra Phinnessy
33-8235408,Niki Rundall,Legal Assistant,Sales,Maryellen Mertin
31-1324175,Olwen Redwin,Administrative Assistant II,Business Development,Durant Watkiss
88-3802736,Clare Thing,Recruiting Manager,Legal,Fin Lunk
39-2997326,Delia Scade,Assistant Manager,Business Development,Delmar Tofts
18-6082932,Lavina Johanssen,Structural Engineer,Training,Winnie Straneo
63-4181321,Dacy Timbrell,Information Systems Manager,Legal,Terrye Thorold
82-0054623,Ash Smurfit,Systems Administrator II,Business Development,Elberta Beauly
09-1068959,Myrtle Newson,Design Engineer,Human Resources,Kally Bourdon
78-2666251,Ibrahim Jimes,Senior Sales Associate,Engineering,Bernetta Frichley
36-9460623,Fanechka Gerriets,Geologist III,Accounting,Leodora Antonsen
47-5363859,Krissie Charman,Systems Administrator I,Support,Evered Beddow
68-9439207,Nerte Sowrah,Graphic Designer,Legal,Waylen Fillis
10-4071802,Joyan Oaten,Graphic Designer,Training,Ricoriki MacRonald
26-8175657,Maggie Owers,Human Resources Assistant I,Sales,Doris Edmans
66-2988560,Mollie Heskin,Graphic Designer,Training,Cortie Connold
07-2119508,Carroll Spoure,Physical Therapy Assistant,Support,Jo-anne D'Oyley
85-6819173,Zollie Bourtoumieux,Director of Sales,Human Resources,Derk Lebbern
94-6952375,Auberon Fullegar,Media Manager III,Sales,Dion Spence
30-3194279,Bernetta Youings,Structural Engineer,Product Management,Leilah Paliser
04-3012771,Lucita Sieghard,VP Marketing,Services,Wilton Walas
64-3983375,Fabiano Gales,Account Coordinator,Sales,Cointon Kobiela
04-5292882,Evangelina Rounsefell,Quality Control Specialist,Services,Fernandina Screas
18-4765725,Elyn Schulkins,Nurse,Product Management,Genovera Sketh
50-2210477,Hally Worden,Senior Quality Engineer,Engineering,Elroy Ziehms
85-6922513,Sully Trenbay,Electrical Engineer,Marketing,Neill Morcom
80-5516633,Eran Evans,Recruiter,Engineering,Doralynne Fiddler
49-2457467,Neila Stirrip,Engineer I,Human Resources,Letitia Garretts
88-3824072,Jo ann MacSkeagan,Accounting Assistant I,Accounting,Milicent Morcom
75-3932932,Jerrold Antoniades,VP Sales,Product Management,Nickolai Liven
35-2804884,Fulvia McCunn,VP Quality Control,Product Management,Gunar Aldred
19-8164661,Saraann Tallboy,VP Accounting,Legal,Bernetta Lowne
38-7106826,Kerrin Bute,Engineer IV,Business Development,Tawsha Marrow
38-9874766,Yetta Hedditch,Compensation Analyst,Human Resources,Napoleon Dawley
99-2727029,Dannel Grabham,Environmental Tech,Accounting,Shandra Guiot
80-9480931,Maurie Tillett,Environmental Specialist,Training,Errol McPhelim
47-5926073,Jacqui Wornham,Staff Scientist,Sales,Vincents Abram
23-5969448,Lindie Caughey,Sales Associate,Accounting,Dewain Joslin
34-1432166,Georgi Bauld,Assistant Media Planner,Training,Clement Hannabuss
05-0196546,Jessamine Hawkeridge,Analog Circuit Design manager,Accounting,Indira Rolfi
82-6120471,Morganne Slayny,Software Engineer III,Services,Miran Salkeld
55-7771145,Melinde Blacktin,Office Assistant I,Services,Morrie Veracruysse
56-3378957,Thorstein Bufton,Accounting Assistant IV,Business Development,Ede Daen
68-9626504,Enid Avieson,Biostatistician III,Support,Roxanne Trace
97-2962016,Alene Lohden,Quality Engineer,Human Resources,Stefanie Vanetti
57-5317759,Amery Spellworth,Nurse,Support,Renell Gother
80-7103661,Sonny Usherwood,Programmer Analyst II,Marketing,Jordon Menelaws
37-7894066,Judith Bonson,Legal Assistant,Sales,Ardath Gianasi
06-6662863,Michael Cottrill,Accountant I,Support,Chrystal Manshaw
91-3599404,Pietrek Caldron,Dental Hygienist,Human Resources,Emmery Eliez
04-1267576,Michaeline Sywell,Budget/Accounting Analyst III,Sales,Astrix Nannetti
37-2793458,Vasilis Kohrs,Technical Writer,Legal,Ashlen Skaif
73-9157208,Boigie Pridham,Payment Adjustment Coordinator,Support,Kylila Fellgett
03-2365718,Kaycee Holhouse,Analog Circuit Design manager,Engineering,Yulma Doorey
30-3831740,Eduard Soutter,Assistant Professor,Product Management,Jerri Rolling
01-4086812,Drusie Bagnal,Staff Scientist,Human Resources,Matthias Procter
27-0792307,Odessa Tompkin,Graphic Designer,Product Management,Lefty MacDougal
27-9789328,Tobey Lowensohn,Environmental Specialist,Support,Lindsay Jorin
50-3088708,Levy Zelake,Information Systems Manager,Engineering,Florenza Doudney
91-6463835,Tove Balsillie,Sales Associate,Sales,Bellina Beak
50-1333425,Astra Crocetto,Civil Engineer,Support,Faunie Gutman
61-4040244,Carr Sabey,Legal Assistant,Product Management,Harper Vallintine
13-4105747,Edeline Laurie,Office Assistant II,Sales,Delores Odcroft
70-2775677,Pavel Blasli,Accountant I,Accounting,Ediva Fassum
39-2927023,Dav Rubinsohn,Graphic Designer,Training,Verna Hansel
59-9912214,Bobinette McAllan,Human Resources Assistant II,Accounting,Lola Sirett
74-0793762,Ellene Gimson,Occupational Therapist,Training,Kirby Dadswell
44-2699682,Danell Baum,Food Chemist,Support,Phyllida Litton
77-8353049,Alecia Patinkin,Executive Secretary,Services,Ingrim Sedgefield
18-3406279,Odille Skayman,Research Assistant I,Engineering,Shannen Jurczak
52-7288756,Vinnie Ost,Software Engineer IV,Sales,Halimeda Bartosiak
69-4180850,Valli Platts,Business Systems Development Analyst,Sales,Beverlee Pell
71-0817363,Lloyd Blues,Actuary,Support,Fionnula Aymes
08-6050416,Cissiee Hasney,Speech Pathologist,Human Resources,Julieta Pods
63-7151520,Allyson Press,Account Executive,Product Management,Gaynor Rushe
42-8371224,Franciska Surcombe,Social Worker,Support,Chaddy Pinar
96-6250254,Lethia Port,Junior Executive,Support,Edith Blaker
19-2055090,Anne-corinne Ondrusek,Biostatistician III,Training,Ester Van der Krui
16-4118787,Meris Clyne,Registered Nurse,Legal,Antoinette Pigeram
14-7290718,Roselin Loisi,Director of Sales,Legal,Curcio Tivers
39-3975011,Blanca Cecchetelli,Mechanical Systems Engineer,Human Resources,Dicky Kunzelmann
53-2283112,Niccolo Rodrigo,Physical Therapy Assistant,Engineering,Binnie Armit
67-4442016,Belia Robertot,Civil Engineer,Services,Natalie Noyes
93-2285729,Padget Whear,Quality Control Specialist,Support,Raynard Woodrow
83-8262633,Dosi Deere,Internal Auditor,Marketing,Merissa De Mitris
72-9650424,Amalita Duchatel,Accountant I,Business Development,Chucho Batchan
51-4299232,Arlette O' Flaherty,Graphic Designer,Engineering,Rosalind Bea
55-2969610,Kerry Coorington,Project Manager,Support,Catrina MacFadden
86-9182961,Maxie Heazel,Civil Engineer,Engineering,Melisa Kobke
73-8944520,Beverlie Crosoer,Chief Design Engineer,Marketing,Gisella Bache
73-2711451,Janek Bone,Tax Accountant,Product Management,Sasha Workman
21-2580918,Selle Gall,Accountant II,Training,Emogene Trouel
12-6283413,Ferne Orpyne,Automation Specialist III,Business Development,Jehanna Pile
46-7487082,Luci Pasque,Programmer IV,Support,Athene Fiddyment
78-4955726,Roberta Durbann,Staff Accountant IV,Legal,Janette Harbisher
28-3633898,Leena Steptoe,Recruiter,Engineering,Turner Keech
12-2427456,Prentiss Christaeas,Technical Writer,Engineering,Zedekiah Vogelein
96-6907531,Yovonnda Attenbrough,Cost Accountant,Services,Faythe Bradburne
04-6376850,Klarrisa Greves,Assistant Professor,Marketing,Sterne Punshon
28-7601536,Elton Jedrysik,Electrical Engineer,Business Development,Cam Spurnier
10-8607149,Norah Haglington,Geologist I,Training,Udall Franzel
74-0906313,Maxine Climson,Safety Technician II,Business Development,Alisha Ivoshin
00-6680317,Paulie Kitchin,Editor,Training,Ruben Battell
02-5128201,Fancy Kadwallider,Technical Writer,Support,Carine Neale
54-1324461,Wiley Ambrosio,Financial Advisor,Training,Laurence Jevon
37-9251166,Zach Oseland,General Manager,Research and Development,Rosanna Mossop
75-7410729,Lynelle McDowall,Librarian,Training,Lyle Strut
19-2706995,Barnaby Pullan,Operator,Support,Julius Steffens
52-9929136,Ninette Carlsen,Senior Editor,Product Management,Bartlett Tilmouth
71-0047904,Roderick Bunting,Administrative Officer,Product Management,Yulma Koubu
43-0102236,Harrietta De Beneditti,VP Accounting,Engineering,Karlens Watson-Brown
04-4515541,Alina Matthew,Account Executive,Engineering,Marvin Liebermann
04-8051124,Valma Crowd,Legal Assistant,Research and Development,Althea Disbrey
73-3834966,Doreen Gilhooly,Media Manager I,Engineering,Avie Kealey
81-9909063,Lesya Pymm,Health Coach I,Sales,Selia Revell
59-9408706,Gustave Grastye,VP Product Management,Support,Moria Fiddymont
07-9622304,Nollie Desquesnes,Human Resources Manager,Research and Development,Cherise Carsey
27-7262927,Rene Warbrick,Speech Pathologist,Training,Beniamino Foot
49-6624874,Bartholemy Frankiewicz,Professor,Support,Cyndy Walthall
97-9851346,Antonetta Dewick,Internal Auditor,Legal,Giselbert Brackpool
90-2379109,Martie Liggett,Research Assistant I,Human Resources,Collen Drissell
28-7171499,Brand Greenstreet,Internal Auditor,Sales,Wendi Casseldine
23-4027024,Delmore Woan,Physical Therapy Assistant,Training,Lorin Gillet
51-4285817,Reina Pow,Internal Auditor,Sales,Clari Sture
26-4844350,Joshua Farnell,Accounting Assistant I,Legal,Irena Creggan
67-8252101,Adham McQuaid,Quality Engineer,Sales,Blaire Linacre
02-8577583,Kirstin Hatliff,Engineer IV,Human Resources,Kurtis Yesenev
02-9844711,Hi Bovingdon,Physical Therapy Assistant,Product Management,Ravid Bramhall
31-0986182,Jud Walton,Editor,Training,Alford Iacovozzo
53-5630992,Dulcea Manchester,Mechanical Systems Engineer,Legal,Clarey Slatcher
44-2171482,Dorette Willbraham,Staff Accountant II,Marketing,Ursula Rimour
01-0145834,Gerrard Rihosek,Structural Analysis Engineer,Support,Torrey Bysh
28-0909540,Adeline Antoniat,Tax Accountant,Product Management,Wilden McGeachie
59-8959254,Edik Erwin,Biostatistician IV,Engineering,Sile Copello
46-3963304,Desiree Tunnow,Automation Specialist IV,Sales,Thain Orgee
88-5146208,Brendin Besson,Occupational Therapist,Accounting,Gabby Faircliff
92-6889962,Aurora Alastair,Internal Auditor,Accounting,Kandy Wildblood
27-6921569,Keir Mullis,Nurse Practicioner,Business Development,Nichole Merrisson
96-2600532,Kacey Crossman,VP Marketing,Training,Wenona Krop
62-4342655,Birch Catto,Senior Quality Engineer,Research and Development,Worden McCroft
65-6750744,Demetra Gostick,Tax Accountant,Engineering,Marten Wynter
74-3709631,Dulcine Sleford,Administrative Assistant IV,Product Management,Cedric Physic
34-9701657,Gwenora Kerwick,Graphic Designer,Sales,Cynthie Moiser
52-0317922,Naomi Birdsey,Recruiting Manager,Legal,Nicolais Struis
44-7532799,Ferdinanda Parriss,Structural Engineer,Engineering,Tarra Chandler
86-4767830,Viva Tash,Director of Sales,Support,Britta Lampaert
80-6022081,Selle Ternent,Compensation Analyst,Legal,Curr Chrichton
53-4778015,Cece Laying,Account Executive,Business Development,Garreth Biggadyke
08-4842667,Irwin Breslin,Dental Hygienist,Engineering,Jayson Libero
59-5623756,Hussein Spikins,Chief Design Engineer,Research and Development,Ella Mathely
46-5096657,Gaye Bollins,Senior Editor,Support,Martie Towell
79-0633051,Jobye Trewinnard,Analyst Programmer,Research and Development,Isabelle Adamek
49-7914206,Tessie Mordie,Financial Advisor,Legal,Claudette Brymham
00-1576617,Audrey Hugonneau,Dental Hygienist,Accounting,Ezmeralda Bucklan
66-3339692,Lucretia Barthelemy,Quality Engineer,Business Development,Wallis Romaint
98-4254726,Bettine Hapke,Executive Secretary,Training,Gertie Collie
04-2281218,Levin Dagleas,Community Outreach Specialist,Product Management,Gustav McCurlye
13-7409764,Delmer Gert,Safety Technician III,Training,Cosetta Derham
08-1060564,Bourke Ballendine,Social Worker,Product Management,Sascha Hallbird
65-9593495,Charisse Gealle,Statistician III,Business Development,Kellby Daveran
60-9775805,Kristina Kingham,VP Sales,Sales,Correna Olliff
04-5869638,Wyatan Bauduin,Chemical Engineer,Human Resources,Darren Jochens
01-2717049,Brady Giriardelli,Junior Executive,Sales,Albrecht Larmet
46-0291053,Reece Gonin,Help Desk Technician,Sales,Hamlin Sherrock
58-1403884,Ailyn Cassey,Data Coordiator,Training,Rance Wagon
51-0244712,Annmaria Hensmans,Legal Assistant,Accounting,Darrell Coners
60-4532471,Amelina O'Dea,Research Assistant IV,Services,Ronni Copp
13-3729100,Eda Wrankling,Engineer I,Engineering,Kelley Durban
55-3252025,Rhys Workman,Help Desk Technician,Product Management,Vera McGrirl
94-8141093,Sonnnie Stoute,GIS Technical Architect,Support,Kalil Cuniam
74-9699633,Virginia Ravenshaw,Biostatistician I,Legal,Reinold Ailward
90-2353415,Jeremias Dabbes,Assistant Media Planner,Engineering,Maurice Kiellor
04-3577580,Hadria Canty,Safety Technician IV,Product Management,Corrina Dayborne
68-2204420,Basia Boldt,Desktop Support Technician,Sales,Eda Petrolli
62-9787789,Gerti Wisniowski,Accounting Assistant II,Marketing,Miguelita Coggeshall
45-4017036,Hillery Thiese,Senior Editor,Services,Lester Theodoris
90-9091138,Irving Yourell,Nurse Practicioner,Marketing,Inigo Toohey
00-2133476,Abey Marikhin,Structural Analysis Engineer,Marketing,Mareah Baack
50-9107047,Silvana Mewhirter,Senior Financial Analyst,Human Resources,Pamelina Emtage
13-0987025,Yolane Torn,Nurse,Research and Development,Loree Fricke
89-6975712,Antonio O'Shevlin,Accountant I,Legal,Henrie Issard
61-6877074,Georgeanne Windous,Programmer I,Accounting,Cal Felder
41-4477997,Berget Raggett,Office Assistant III,Training,Sybyl Prater
94-7506631,Kerwinn Bein,Speech Pathologist,Accounting,Paddie Pawling
98-4645147,Elisha Driffe,VP Accounting,Research and Development,Darya Pirnie
75-6078174,Tedi Howsden,Recruiter,Research and Development,Madel Pattle
13-2196113,Bernelle Ailward,Environmental Specialist,Research and Development,Randee Beresford
89-9516203,Myrtie Duggleby,Quality Control Specialist,Product Management,Viviene Aviss
42-2620355,Bo Toogood,Speech Pathologist,Marketing,Giselbert Danniel
84-0550924,Evvy Dorken,Marketing Assistant,Sales,Hermann Ackenson
86-1880333,Tristam Outerbridge,Quality Engineer,Marketing,Nicol MacCulloch
31-7137858,Justis Digweed,Quality Engineer,Research and Development,Thomas Smallwood
34-2143710,Bride Basillon,Chemical Engineer,Training,Linzy Oades
66-2866821,Gino Last,Teacher,Engineering,Rea Bettenay
55-1008176,Shane Thorius,Information Systems Manager,Sales,Aviva Colleton
29-3483020,Gusty Millyard,Engineer III,Marketing,Hyacintha Fullerd
19-0824982,Cindie Rotte,Pharmacist,Marketing,Dagmar Broose
18-6149177,De witt Petschelt,VP Quality Control,Research and Development,Welby Nortunen
39-7467371,Odelinda Merricks,General Manager,Sales,Kimbra Klejin
15-7300256,Pascale Glenwright,Assistant Media Planner,Services,Nev Brisker
22-1784165,Roland Braban,Environmental Tech,Business Development,Merrily Fry
24-3578500,Myrwyn Noel,Mechanical Systems Engineer,Business Development,Durward Peacock
98-6892493,Donnell Upcraft,Senior Quality Engineer,Marketing,Angele Hawkett
33-2331060,Klemens Ainsley,Human Resources Manager,Human Resources,Padraic Orange
77-2027292,Cristin Gilardi,Accountant I,Services,Marya Skyme
55-3007706,Rafaela Wetherhead,Librarian,Legal,Bryan Santhouse
27-1950909,Carmelina Hurnell,VP Marketing,Accounting,Onofredo Jertz
33-9121130,Arielle Lubbock,Budget/Accounting Analyst IV,Legal,Nikolaos Tann
98-6171514,Eda Costan,Human Resources Assistant IV,Research and Development,Lammond Tschersich
25-2281252,Hamilton Licciardo,VP Product Management,Business Development,Fredrika Witchard
14-8678412,Nina Tripon,Mechanical Systems Engineer,Engineering,Dominica Hamilton
20-2759409,Elmo Hubane,Help Desk Technician,Engineering,Annabela Pollett
07-2940364,Gaultiero Govern,Database Administrator I,Business Development,Bernie Ludwell
83-2868243,Harriott Le Barr,Pharmacist,Support,Helli Wigelsworth
41-0346786,Hernando Wooff,VP Product Management,Training,Layne Pourvoieur
47-9329801,Lynette Reuven,Actuary,Sales,Dicky Dolley
39-0296868,Grange Darby,Occupational Therapist,Business Development,Zedekiah Jeffery
41-8710961,Drusy O' Hanvey,Librarian,Product Management,Bailey Gilluley
70-4320398,Giustina Auten,VP Quality Control,Research and Development,Dominic Dennison
99-6375659,Kathrine Gounin,Technical Writer,Training,Foster Laborda
21-9183157,Hanan McElvogue,Assistant Professor,Research and Development,Stuart O'Cuddie
31-2423659,Letta Leser,Community Outreach Specialist,Engineering,Kris Olufsen
29-8074984,Eberhard Dalla,Software Test Engineer III,Accounting,Linda Downse
54-9350986,Chevalier Coalbran,Legal Assistant,Support,Valaria Kilmurry
97-8135427,Karilynn Bealton,Help Desk Technician,Business Development,Monte Done
13-7548869,Ester Zoanetti,Marketing Assistant,Product Management,Wilek Bettles
84-3274120,Neal Targe,Office Assistant IV,Training,Kellina Harraway
92-2611752,Artair Furbank,General Manager,Human Resources,Stanly Morigan
26-2071625,Clotilda Bryett,Web Developer IV,Training,Bee Arrigo
29-1704439,Cynthie Wiszniewski,Financial Advisor,Accounting,Annamaria Carcass
35-5031529,Carlyle Stanbridge,Recruiting Manager,Sales,Claudianus Nys
71-6301544,Cristi Luberto,Financial Analyst,Training,Glennie Sneyd
41-8286467,Carroll Genese,Programmer Analyst II,Engineering,Neall Cumber
83-9227380,Marcela Gaven,Health Coach III,Research and Development,Roseann Gutans
57-2547707,Francis Winfred,Chief Design Engineer,Accounting,Sherlocke McGuff
68-5939837,Dee dee Haugeh,Sales Representative,Research and Development,Matias Nicely
24-8548064,Yancy Duferie,Account Coordinator,Business Development,Dirk Shark
93-7861779,Marylynne Grave,Librarian,Accounting,Christiano Doole
71-1615603,Gwenore Fleisch,Analyst Programmer,Marketing,Nicko Rabson
