employee_id,name,role,department
46-0131499,Jasen Pedycan,Media Manager IV,Support
26-1590982,Barrie Nossent,Research Assistant IV,Sales
39-7715023,Abigale Husset,Programmer Analyst I,Research and Development
70-5226374,Kimberly Nystrom,Office Assistant III,Marketing
15-7773273,Amalee Gietz,Cost Accountant,Sales
88-7169073,Gretna Kauschke,Librarian,Sales
33-9162993,Humberto Larive,Compensation Analyst,Sales
57-8127492,Baillie Best,VP Accounting,Research and Development
34-3516028,Hebert Gillibrand,Desktop Support Technician,Marketing
08-5313490,Hadria Cast,Quality Control Specialist,Research and Development
73-9310281,Bertrando Grigsby,Project Manager,Human Resources
03-4937509,Cristal Jullian,Senior Cost Accountant,Engineering
28-5990972,Liuka Keyme,Environmental Tech,Product Management
49-4618879,Nicola Revill,Editor,Engineering
35-1917210,Rozele Stroban,Project Manager,Engineering
97-0720777,Antonino Skunes,Account Representative I,Product Management
53-5380082,Jessy Franses,Design Engineer,Business Development
85-1674679,Auberta Middell,Dental Hygienist,Sales
65-8418789,Angelle Beatens,Librarian,Legal
15-3897751,Minny Harvison,Structural Engineer,Services
76-8880897,Kata Ricoald,Teacher,Business Development
74-2347584,Ezri Ingleston,Environmental Tech,Human Resources
08-1359945,Salomo Lillywhite,Chemical Engineer,Human Resources
10-3938235,Adela Hellen,Design Engineer,Accounting
89-6785353,Binni Filyaev,Staff Scientist,Marketing
36-6723429,Kriste Haughton,Nuclear Power Engineer,Product Management
10-2486064,Silvain Terese,Sales Representative,Services
21-3928266,Rhona Meadows,Director of Sales,Human Resources
14-9523281,Albertine Lanchester,Registered Nurse,Marketing
96-5160468,Konstantin Kempton,Programmer Analyst II,Research and Development
87-0878094,Viviana Reveley,Sales Representative,Services
41-5594701,Artemus Sinkin,Chemical Engineer,Research and Development
50-3435664,Gayler Gregoratti,Sales Representative,Legal
67-5264114,Dyane Woolens,Staff Scientist,Human Resources
22-8342591,Merrielle Brouncker,Account Representative IV,Engineering
54-6931905,Erv Newbigging,Help Desk Technician,Marketing
65-8267514,Arnoldo Weedall,Professor,Engineering
06-0041658,Eziechiele Braun,Food Chemist,Sales
07-2377131,Gaspar Tweede,Account Representative IV,Engineering
53-0560677,Romonda Serris,Web Developer II,Engineering
55-0917738,Felix Wann,Physical Therapy Assistant,Accounting
78-3082460,Alidia Edden,Software Test Engineer II,Marketing
18-4134179,Lolita Grace,Assistant Professor,Services
66-9205725,Elga Repp,Programmer Analyst III,Sales
62-6814733,Ali Prangley,Research Associate,Legal
74-5348068,Lark Brock,Statistician IV,Support
32-6428808,Harlin Handscomb,Engineer IV,Legal
47-1881477,Courtney Bennedsen,Research Nurse,Human Resources
47-8556182,Barb Theakston,VP Accounting,Training
39-5908068,Dominik Durbin,GIS Technical Architect,Product Management
20-4684833,Tracie Gaskin,Professor,Engineering
87-8043669,Garfield Humfrey,Budget/Accounting Analyst I,Marketing
20-6824964,Gaby Inderwick,Recruiter,Human Resources
79-0557486,Mindy Skermer,Structural Analysis Engineer,Services
41-1853439,Delia Sagrott,Physical Therapy Assistant,Product Management
26-4678322,Nisse Davoren,Occupational Therapist,Engineering
73-0214277,Linc Chatelain,Assistant Media Planner,Support
64-4247847,Armstrong Rowbrey,Clinical Specialist,Human Resources
27-4834283,Caritta Gabbitus,Teacher,Training
08-9942879,Dallon Stiger,Administrative Assistant III,Support
30-4977360,Allistir Sparsholt,Sales Representative,Business Development
38-1013776,Karena Vaneschi,Web Designer III,Legal
46-1147044,Emalia Amner,Clinical Specialist,Research and Development
43-3145294,Mechelle Crowdace,Media Manager I,Human Resources
73-2586928,Thaine Bonwick,Help Desk Technician,Legal
43-4816116,Elihu Matthensen,Environmental Tech,Human Resources
26-8253087,Jacquie Roughley,Chemical Engineer,Training
33-3664815,Kate Moodycliffe,Paralegal,Engineering
23-6878145,Lib Feldberg,VP Sales,Support
07-5190371,Hort Sacker,Structural Engineer,Research and Development
61-8317847,Herc Stive,Environmental Tech,Marketing
64-4129842,Bink Mc Cahey,Speech Pathologist,Human Resources
63-4331686,Kessiah Barczewski,Health Coach IV,Accounting
31-8907030,Andree Wenger,Marketing Manager,Accounting
16-5448575,Allene LaBastida,Research Assistant I,Business Development
73-2303340,Granger Astill,Statistician III,Sales
41-2841133,Ange Tredinnick,Physical Therapy Assistant,Training
09-8823701,Geno Gosnay,Civil Engineer,Product Management
07-6584324,Gwenneth Whittock,Librarian,Legal
39-7927328,Rivkah Benettini,Geological Engineer,Legal
30-2210591,Lizabeth Jancey,Associate Professor,Marketing
30-7279694,Alison Erley,Software Consultant,Engineering
78-7725657,Julio Braksper,Cost Accountant,Sales
09-5198707,Jaquelyn Danelut,Automation Specialist IV,Marketing
94-5555399,Evelin Blevin,Clinical Specialist,Legal
61-4007147,Janeen Kivelhan,Senior Quality Engineer,Marketing
85-5935193,Maynord Bushen,Project Manager,Training
71-3270946,Davie Guiness,Financial Advisor,Training
16-6991925,Jocelyne Harby,Product Engineer,Services
02-6343934,Kira Basillon,Staff Accountant I,Human Resources
28-9039814,Cherey Rymer,Information Systems Manager,Accounting
45-3762006,Lula Andree,Quality Control Specialist,Support
26-8209576,Howey Gouda,Biostatistician IV,Support
28-6971415,Oliviero Villa,Associate Professor,Accounting
81-9276117,Lisabeth Tomlinson,Engineer II,Legal
37-2684348,Nikki Filpi,Research Nurse,Research and Development
89-0983839,Lazare Minnock,Human Resources Manager,Accounting
52-2311402,Bone Laytham,Assistant Media Planner,Research and Development
26-8778063,Aloise Le feaver,Computer Systems Analyst IV,Legal
34-6110946,Iggie Gothard,Occupational Therapist,Training
60-0201004,Lewiss Bagshaw,Software Consultant,Accounting
83-2499529,Ramsey Gravet,Staff Scientist,Human Resources
32-6697574,Annamaria Whotton,Developer I,Services
77-8175505,Chane Willoughley,Operator,Services
16-5109312,Kippie Faughnan,Community Outreach Specialist,Services
78-9563858,Kristopher Faye,Geologist III,Legal
48-5710674,Ollie Folomin,Junior Executive,Legal
50-3328815,Fionnula Huerta,VP Product Management,Engineering
06-6974110,Karoly Conre,Associate Professor,Legal
48-2577574,Mikel Galton,Senior Quality Engineer,Business Development
83-7321387,Raynell Shoreman,Tax Accountant,Accounting
57-7542720,Rachael Lever,Developer III,Product Management
16-4812994,Maddie Kendrick,Chemical Engineer,Support
64-7980697,Neville Gustus,VP Sales,Legal
38-7988243,Inger Lardez,Associate Professor,Research and Development
26-0486519,Aubrie MacElharge,Desktop Support Technician,Support
28-7495416,Daryl Guido,VP Product Management,Legal
95-4247034,Karna Clohessy,Data Coordiator,Support
98-0860962,Beltran Wiltshire,Geological Engineer,Product Management
58-6510345,Almeda Decourcy,Business Systems Development Analyst,Marketing
67-1975900,Matthias Skaife,Compensation Analyst,Support
78-5218074,Marcille Gullam,Associate Professor,Services
69-2769854,Joy Oaker,Food Chemist,Sales
75-7020256,Penn Danaher,Structural Analysis Engineer,Accounting
29-3785194,Tanya Bisseker,Engineer III,Sales
23-9242913,Ferrel Mustill,Senior Editor,Sales
11-2717934,Cart Rouchy,Software Engineer IV,Product Management
67-5139042,Dolli Schwier,Human Resources Assistant IV,Support
64-8284714,George Castillon,Research Nurse,Support
72-2662643,Balduin Clewarth,Junior Executive,Support
67-5378586,Jobyna Ipsley,Social Worker,Engineering
38-3848991,Horatius Pietraszek,Civil Engineer,Services
22-6176552,Audre Arnely,Research Nurse,Research and Development
83-1729423,Angel Rapkins,Information Systems Manager,Research and Development
26-4742241,Sigismundo Sainsbury-Brown,Design Engineer,Engineering
15-7344641,Torey Darnbrough,Associate Professor,Training
35-0284559,Wiatt Jeaycock,Tax Accountant,Research and Development
35-7075811,Tanya Hatcher,Chief Design Engineer,Accounting
12-5554302,Alexandro Kidder,Accountant III,Legal
39-5100460,Arlen Reedshaw,Marketing Assistant,Human Resources
92-3344868,Constance Pawels,Actuary,Marketing
60-3381637,Eadith Wehner,Computer Systems Analyst II,Engineering
50-7956086,Merrick Raddish,Editor,Engineering
00-7255188,Hodge Soulsby,Speech Pathologist,Services
06-0727557,Imogen Cawdell,Teacher,Human Resources
21-7590750,Lissa Nekrews,Information Systems Manager,Human Resources
67-1083232,Henriette Palfrie,Nurse,Product Management
29-1472022,Esteban Wolver,Financial Analyst,Training
97-9076117,Guido McNamara,Executive Secretary,Legal
12-5162161,Weidar Sammes,Physical Therapy Assistant,Engineering
47-0807197,Cherida Fitzsymonds,Sales Associate,Engineering
62-9461501,Adrea Stainton - Skinn,Paralegal,Sales
47-9530582,Luisa Judgkins,Recruiting Manager,Engineering
36-2064325,Rowney Skeleton,Geologist IV,Legal
00-5186321,Korella Dael,Senior Developer,Services
71-8171332,Leonhard Juszczyk,Senior Editor,Accounting
78-7157905,Adolf Satchell,Recruiting Manager,Sales
31-2503589,Gregory Powling,Internal Auditor,Training
41-2804353,Annie Lynock,Health Coach I,Training
18-8456322,Rozella Tregido,Assistant Manager,Support
72-6770271,Adela Gullan,Structural Engineer,Business Development
17-0714865,Mick Concannon,Payment Adjustment Coordinator,Product Management
08-4668925,Kaile Hartless,Business Systems Development Analyst,Human Resources
66-7177149,Audry Arlet,Geologist IV,Services
85-9223465,Kalila Muress,Human Resources Assistant II,Product Management
90-7188691,Les Paulmann,VP Marketing,Product Management
04-0262263,Jolee Josipovitz,Marketing Manager,Marketing
62-3855208,Arlyne O'Sculley,Professor,Sales
67-9737387,Marilyn Fine,Senior Editor,Business Development
04-8762928,Steffane Knipe,Engineer III,Services
74-5569651,Alejandro Matic,Human Resources Assistant II,Product Management
96-7673673,Terrence Baythorp,Editor,Human Resources
36-0637038,Marlene Fellon,Community Outreach Specialist,Engineering
99-6327835,Ahmed Haeslier,Administrative Officer,Support
90-7822258,Kennie Rahl,Administrative Officer,Support
36-6773490,Barthel Bugbird,Graphic Designer,Business Development
89-0525332,Maje Dunckley,General Manager,Support
94-9458800,Lawton Goodlud,Librarian,Support
25-8207902,Nora Seeman,Nurse Practicioner,Engineering
45-5606626,Winnifred Rushsorth,Legal Assistant,Legal
99-8684974,Marc Filyushkin,Account Representative III,Legal
72-1200445,Wanids Alsford,Editor,Product Management
70-4184996,Kelsi Rubinsky,General Manager,Research and Development
62-6456235,Gabriellia Dowtry,Accountant II,Engineering
36-2957795,Maria Woodroffe,Software Consultant,Engineering
86-4460493,Arne Hazeldine,Assistant Media Planner,Product Management
73-1508047,Corrinne Bransby,Marketing Assistant,Business Development
73-0674175,Devora Dackombe,Software Engineer I,Accounting
81-9289320,Imogen MacSweeney,Electrical Engineer,Services
70-8915577,Verney Decker,Health Coach II,Research and Development
54-1250892,Cherilyn Speare,Speech Pathologist,Marketing
14-1746716,Sigismond Murthwaite,Product Engineer,Marketing
19-2252842,Wendi Flaverty,Payment Adjustment Coordinator,Product Management
14-9947803,Brittne Leghorn,Payment Adjustment Coordinator,Business Development
98-8985631,Mic Keyte,Editor,Support
37-8554824,Nerte Hayles,Web Designer III,Legal
20-8402183,Tabbie Geistmann,General Manager,Training
03-9175148,Susy Narey,Product Engineer,Business Development
27-9584729,Ruperto Cayton,Staff Accountant IV,Research and Development
49-5073361,Nappy Mc Comb,Analog Circuit Design manager,Legal
15-9860306,Cynthia Fannin,Product Engineer,Accounting
59-7226166,Laverne MacCaffrey,Staff Accountant II,Marketing
14-5846722,Lanni Beston,Accountant III,Training
01-2583272,Cahra McDowall,Desktop Support Technician,Training
85-4880996,Muriel De Cruce,VP Marketing,Engineering
48-7699314,Major Gull,Financial Analyst,Marketing
32-2821452,Aeriell McFetridge,Accountant I,Research and Development
64-5482938,Justin Jobern,Research Nurse,Training
29-8401422,Vidovic Cramond,Product Engineer,Research and Development
88-5878592,Kevin Shayes,Help Desk Operator,Business Development
36-1133658,Willie Robertazzi,Research Associate,Business Development
13-9291567,Ginger Messitt,Software Engineer I,Research and Development
72-5269445,Chen Gosnall,Automation Specialist I,Services
30-0369973,Jabez Uzielli,Marketing Assistant,Accounting
49-1346826,Filia Chattoe,Paralegal,Marketing
68-4641532,Derrick Batho,Payment Adjustment Coordinator,Services
71-7875970,Hazel Carnier,Assistant Professor,Engineering
27-1345340,Diena Bagnell,Biostatistician IV,Engineering
06-1535455,Alix Leban,VP Sales,Product Management
08-7638275,Gray Minillo,Account Representative I,Product Management
98-3005398,Amalle Orcott,Computer Systems Analyst I,Support
90-1816887,Shannan Mosco,Assistant Professor,Legal
62-4534202,Harlin Dumbreck,Analog Circuit Design manager,Product Management
92-3183171,Garrot Segot,Database Administrator II,Marketing
65-9015111,Jordan Hubbert,Programmer IV,Legal
92-6740353,Tarrance Ovid,VP Marketing,Training
58-7161429,Carleen Vasovic,Executive Secretary,Sales
66-0389220,Cello Hinckesman,Research Associate,Sales
31-3018746,Patrizio Doncom,VP Quality Control,Marketing
82-9674659,Berk Torra,Developer II,Engineering
91-8218345,Corny Purnell,Community Outreach Specialist,Business Development
54-1614408,Ingra Ephson,Developer IV,Support
36-9608271,Herby Eveleigh,Clinical Specialist,Services
45-6549819,Gordon Twallin,Programmer Analyst I,Training
25-6175697,Sonnie Fitchen,Accounting Assistant III,Human Resources
10-5653363,Karisa Boken,Human Resources Assistant II,Accounting
12-1413493,Sheppard Winsbury,Quality Control Specialist,Training
61-7596850,Janie Gutteridge,Health Coach II,Marketing
58-4338062,Wandis Lumpkin,Financial Advisor,Product Management
62-3400939,Evvie Newlin,Occupational Therapist,Research and Development
47-9176034,Rennie Forte,Director of Sales,Services
39-5113240,Gris D'Alessio,Marketing Manager,Engineering
22-9517799,Dinnie Kenvin,Pharmacist,Marketing
38-6414993,Nadia Begwell,Senior Sales Associate,Services
93-2086834,Armin Neno,Account Executive,Support
45-2826077,Kaiser Threader,Financial Analyst,Legal
28-1355015,Cherilyn Ewols,Assistant Professor,Research and Development
13-3132073,Gherardo Osgordby,Payment Adjustment Coordinator,Sales
69-2072925,Raychel Furlow,Account Coordinator,Marketing
08-4952572,Shani Rountree,Structural Engineer,Services
33-6039241,Barney Covely,Sales Representative,Research and Development
12-9675908,Currey O Mullen,VP Sales,Marketing
00-5494561,Phil Kuhn,Professor,Services
55-1547776,Silvain O'Corr,Structural Engineer,Product Management
84-4749321,Haroun Ventura,Engineer III,Engineering
85-2839970,Evelina Lansly,Dental Hygienist,Engineering
04-2314776,Davita Boich,Administrative Officer,Research and Development
00-4039972,Quentin Trevon,Clinical Specialist,Sales
56-5848786,Abraham Kynett,Media Manager III,Support
67-9343945,Dee dee Smeeton,Sales Associate,Services
37-8828937,Patton Adame,Statistician I,Marketing
03-7276056,Bail Patman,Assistant Media Planner,Business Development
03-8380890,Roxi Aaron,VP Accounting,Sales
45-9935097,Lezlie Lambot,Electrical Engineer,Business Development
69-9205052,Marcelline Geikie,Administrative Assistant IV,Accounting
70-8571747,Burton Latliff,Junior Executive,Accounting
03-0791379,Karyl Hutchinson,Compensation Analyst,Research and Development
86-8187366,Cristy Syrett,Financial Advisor,Support
97-7858458,Gan Feldmann,Product Engineer,Research and Development
62-8485708,Devland Wapplington,Environmental Tech,Legal
06-8595938,Carina Marston,Community Outreach Specialist,Business Development
81-5192611,Mord Salliss,Budget/Accounting Analyst IV,Engineering
88-9927156,Tallie Reijmers,Project Manager,Support
25-3197983,Dot Delbergue,Statistician IV,Support
00-1760507,Judon Scullin,Speech Pathologist,Training
24-9952522,Frederic Davenport,Financial Advisor,Legal
86-6639289,Tish Nussgen,Environmental Tech,Engineering
41-8248746,Barnett Deegan,Financial Analyst,Business Development
07-0165364,Milly Treswell,Financial Analyst,Product Management
08-3922313,Fabe Lintall,Staff Accountant III,Legal
84-1211045,Janeen Portch,Occupational Therapist,Human Resources
57-9930114,Eldin Raylton,Chemical Engineer,Sales
44-7669659,Tressa Causbey,Help Desk Operator,Research and Development
69-6030325,Caryl D'Alessandro,Internal Auditor,Business Development
85-2967186,Jilleen Pietersen,Geologist IV,Services
79-9118549,Lian Supple,Nuclear Power Engineer,Marketing
28-4292766,Cecily Learmount,Desktop Support Technician,Engineering
04-6314206,Xenia Gittoes,Teacher,Marketing
52-9166614,Tomlin McIvor,Civil Engineer,Training
01-1561271,Prudence Goodsell,Research Nurse,Training
22-0804511,Teodorico Haythornthwaite,Senior Sales Associate,Services
98-8212183,Georgianne Ridgers,Software Test Engineer I,Engineering
96-3325547,Valdemar Senechault,Media Manager III,Product Management
72-0917801,Lauraine Serck,Nurse Practicioner,Business Development
15-2202308,Jeffry Penticoot,Project Manager,Business Development
79-3526164,Darya Sparrow,Assistant Manager,Human Resources
34-3908111,Monika Fandrich,Software Consultant,Services
05-1733369,Donny Chidwick,Senior Editor,Sales
44-0206656,Siobhan Hutable,Payment Adjustment Coordinator,Research and Development
77-3775373,Scotti Strettle,Teacher,Engineering
66-1710413,Alfie Kees,Physical Therapy Assistant,Marketing
98-3924109,Josh Grishankov,Senior Cost Accountant,Product Management
36-3930496,Carter Whetson,Food Chemist,Business Development
14-6520957,Ozzy Ondricek,Information Systems Manager,Services
40-1181222,Abel Cathenod,Computer Systems Analyst IV,Sales
18-3809167,Cristy Bowser,Senior Editor,Support
52-6221864,Margaret Eickhoff,Executive Secretary,Marketing
81-1318731,Avie Davidescu,Programmer I,Engineering
05-9549196,Giraldo Roze,Nurse,Marketing
21-2153698,Dionne Towle,Cost Accountant,Legal
08-2970599,Merrilee Regnard,Quality Engineer,Legal
07-8808188,Tore Paddle,Senior Sales Associate,Research and Development
95-1439900,Cletus Poacher,Staff Scientist,Support
56-7868238,Chery Haggart,Computer Systems Analyst IV,Business Development
53-8708160,Katinka Heake,Environmental Tech,Accounting
36-3015815,Lolita Dounbare,Programmer II,Sales
36-0377916,Clerkclaude Fletcher,Software Engineer II,Support
83-7775121,Ade Leneve,Sales Representative,Support
35-0349858,Corey Burdas,GIS Technical Architect,Legal
71-8479437,Margaretha Vasilik,Operator,Training
88-8116655,Jocelyne Ronchetti,Account Executive,Research and Development
41-3167516,Dalton Lankester,Safety Technician I,Product Management
00-8612343,Pancho Caton,Administrative Assistant I,Legal
10-1261259,Benson Upston,Senior Quality Engineer,Product Management
30-6157885,Osmund Klossmann,Web Developer II,Services
15-1401026,Ethelbert Sygroves,Environmental Specialist,Human Resources
26-2998348,Brittney Cromer,VP Product Management,Sales
31-4876570,Jeffrey Balsdon,Assistant Professor,Services
32-3578736,Clementina Acory,Information Systems Manager,Accounting
08-0171492,Matias Goodayle,VP Accounting,Legal
88-2788237,Danny Lytell,Mechanical Systems Engineer,Accounting
00-3837435,Washington Tupie,Analog Circuit Design manager,Product Management
60-4563909,Othello Gisby,Information Systems Manager,Accounting
13-2349005,Amalia Turone,Software Test Engineer II,Sales
01-8185533,Cindelyn Sheaf,Social Worker,Services
69-4637543,Nollie Lynskey,Software Consultant,Business Development
24-0903864,Forester Coleby,Staff Accountant III,Training
04-8824463,Audrye Beverley,Dental Hygienist,Sales
95-4062821,Lotte Pavitt,GIS Technical Architect,Accounting
64-5649334,Erinna Eilers,Senior Developer,Research and Development
69-3002281,Larisa Perham,VP Sales,Research and Development
26-9526760,Jennette Glowinski,Help Desk Technician,Training
00-2035760,Therine Inman,Nurse,Marketing
56-3720353,Launce Candey,Project Manager,Sales
30-9522826,Tommy Tampling,Budget/Accounting Analyst I,Support
40-5940649,Glen Gain,Human Resources Assistant I,Business Development
60-1018348,Barbey Seymour,Health Coach II,Engineering
75-6731827,Dagny Velden,Financial Advisor,Support
37-1163756,Mariquilla Niesel,Chemical Engineer,Sales
73-4638201,Lyle Screaton,Paralegal,Product Management
11-4328134,Berkly Jandak,Web Designer I,Engineering
52-2800812,Loutitia Kearn,Safety Technician IV,Business Development
24-0313108,Abbe Burdass,Legal Assistant,Product Management
57-9072568,Elysia Winchurst,Account Executive,Research and Development
42-1513935,Zelma Hillitt,Legal Assistant,Engineering
40-0718191,Gertrud Moulson,Operator,Sales
98-4957978,Brant Ivanyutin,Nuclear Power Engineer,Services
05-6584511,Natalie Aleksandrikin,Marketing Assistant,Training
42-5404970,Kelley Dimbleby,Junior Executive,Marketing
64-3777110,Gill Broseke,Safety Technician III,Services
99-6903221,Frederik Ladley,GIS Technical Architect,Accounting
18-8545654,Leanna Frear,Clinical Specialist,Engineering
17-1427697,Marya Killock,Desktop Support Technician,Engineering
37-9119863,Veronika Jupp,Dental Hygienist,Research and Development
35-0974873,Willyt Lochead,GIS Technical Architect,Legal
65-5623166,Orlan Worsnip,Research Assistant IV,Product Management
71-6911749,Tedda Blundin,Administrative Assistant IV,Support
72-4714218,Abagael Cleveland,VP Quality Control,Human Resources
38-7417177,Dar McDermott,Professor,Research and Development
86-1216493,Rollo Ivashintsov,Nurse Practicioner,Business Development
10-3046242,Keelia Besse,Nurse Practicioner,Engineering
13-5064941,Otes Davidwitz,Statistician IV,Training
35-2451823,Opal Loffel,Research Associate,Marketing
45-8354040,Christina Roland,Product Engineer,Research and Development
61-4743158,Nadia Paoletti,Pharmacist,Support
20-1581991,Jennee Gummory,Sales Associate,Business Development
21-7741248,Petra Ullett,Assistant Media Planner,Support
76-4545955,Harlene O'Calleran,Financial Advisor,Product Management
45-4343154,Adelind Izaks,Senior Financial Analyst,Business Development
55-8019212,Conni Huntall,Editor,Training
32-3490215,Filide Pierton,GIS Technical Architect,Services
76-8161388,Freddie Paradise,Analyst Programmer,Training
93-7532181,Alanson Basset,Help Desk Technician,Services
45-2856614,Dale Messum,Human Resources Assistant III,Marketing
41-1833503,Netta Petroulis,Director of Sales,Engineering
98-0937454,Levon Labell,Account Representative IV,Engineering
44-9675346,Lucho Leblanc,Database Administrator III,Training
79-7136467,Theresa Ponton,Research Assistant III,Accounting
80-6859939,Gertrud Caze,VP Accounting,Engineering
41-4036728,Hannah Culley,Speech Pathologist,Engineering
35-7219734,Errol Gummory,Analog Circuit Design manager,Engineering
53-8632492,Kellie Vanyushkin,Help Desk Operator,Legal
43-4240006,Sindee Stott,Software Test Engineer II,Research and Development
43-8437475,Beitris MacKain,Junior Executive,Marketing
84-1607364,Di McSkeagan,Help Desk Technician,Engineering
38-3917247,Elyse Lycett,Senior Financial Analyst,Services
55-9546900,Kean Bravey,Automation Specialist II,Sales
03-2786540,Loydie Rodie,Structural Engineer,Engineering
68-8732159,Lizabeth Limb,Safety Technician II,Marketing
68-4170295,Elfrieda Polin,Nuclear Power Engineer,Services
75-5713836,Torie Redfearn,Senior Financial Analyst,Product Management
48-9351035,Francisca Crosser,Senior Developer,Marketing
34-4805262,Robinetta Matieu,Account Representative I,Legal
14-7516992,Kissie Jeffries,Occupational Therapist,Human Resources
75-0254868,Carmelita Habbeshaw,Desktop Support Technician,Sales
36-1720261,Veriee Grundwater,Quality Control Specialist,Support
61-8413552,Nichole Batalle,VP Marketing,Product Management
05-6908311,Francois Klarzynski,Structural Analysis Engineer,Services
62-5907962,Adham Dymock,VP Product Management,Human Resources
34-1367839,Lion Gadesby,Environmental Tech,Research and Development
86-5756684,Hogan Screwton,Chief Design Engineer,Support
08-7058425,Abeu Allibon,Social Worker,Business Development
40-8353457,Ingar Janacek,Senior Sales Associate,Services
45-1532050,Rabi Cromley,Quality Control Specialist,Services
61-8126980,Thekla Purrington,General Manager,Legal
81-0732489,Virge Averies,Web Developer IV,Support
41-3709659,Rand Ollarenshaw,Assistant Professor,Support
60-2633627,Blane Dhenin,Accountant IV,Engineering
06-7653141,Blinny Singleton,Sales Associate,Services
56-3593134,Gerick Mechem,Quality Control Specialist,Engineering
35-8977495,Shawn Sang,Account Representative I,Training
70-9820969,Alie Wellstead,Automation Specialist II,Marketing
88-1481016,Jessie Ryley,Biostatistician III,Training
70-1076486,Karrah Hasty,Payment Adjustment Coordinator,Services
53-2256689,Almeda Oakey,Computer Systems Analyst IV,Business Development
60-6234236,Marja Twinberrow,Desktop Support Technician,Business Development
26-0431854,Devi Twitty,Marketing Manager,Sales
28-2714365,Harman Beckhouse,Statistician I,Support
90-6554699,Elyn Latey,Recruiting Manager,Marketing
68-5147830,Cortney Mapstone,Account Representative III,Marketing
43-1360007,Myer Preble,Analog Circuit Design manager,Legal
08-3069564,Archambault Bayston,Cost Accountant,Research and Development
00-2689974,Ugo Moreing,Research Nurse,Sales
87-5835638,Welby Whitfield,Research Associate,Services
77-7777653,Jewell Rubinov,GIS Technical Architect,Accounting
38-4184414,Rianon Yewman,Technical Writer,Services
66-6553828,Lazar Longshaw,GIS Technical Architect,Accounting
27-4615984,Celeste Inkpin,Budget/Accounting Analyst IV,Marketing
99-9640270,Emmanuel Skellern,Desktop Support Technician,Training
53-6433748,Noam Dahle,Sales Representative,Product Management
67-8103065,Mirella Duckham,Staff Accountant I,Product Management
38-3710288,Huntington Novacek,Operator,Sales
46-6292595,Brietta Ikin,Chemical Engineer,Training
14-8889636,Doll Heddy,Marketing Assistant,Services
23-8653844,Frederich Sayle,Graphic Designer,Engineering
93-0967504,Emile Gwilliam,Software Consultant,Product Management
37-7060307,Leonard Hankins,Geologist II,Training
88-1178483,Nesta Beardall,Project Manager,Research and Development
02-9671607,Waring Lafuente,Marketing Assistant,Product Management
96-8961696,Dag Knatt,Quality Engineer,Research and Development
76-4931959,Gayel McChesney,Payment Adjustment Coordinator,Marketing
70-8970736,Wallas Benfield,Compensation Analyst,Business Development
88-8314036,Celestyn O'Devey,Budget/Accounting Analyst III,Support
60-3411655,Casie Courtliff,Senior Editor,Research and Development
39-6770940,Callie Sherwin,Research Assistant I,Marketing
21-9943100,Murielle Heugle,Statistician III,Services
42-9902820,Phillis Massy,Compensation Analyst,Training
38-7434787,Kaye Dyke,Legal Assistant,Legal
87-6532710,Morissa Leat,Environmental Tech,Training
95-7416594,Ernestus Gullam,Biostatistician II,Research and Development
83-7159336,Bruis Baford,Civil Engineer,Business Development
17-4027582,Amandie Mackie,Account Representative III,Marketing
23-7217695,Joey Josephi,Teacher,Marketing
98-0468799,Patrizio Edeler,Nurse Practicioner,Research and Development
68-0168141,Eal Burt,Associate Professor,Human Resources
88-2195739,Bud Cinnamond,Data Coordiator,Product Management
13-9287045,Merlina Wondraschek,Payment Adjustment Coordinator,Research and Development
71-1846776,Juieta Lye,Tax Accountant,Accounting
56-7864835,Goldie Mauro,Information Systems Manager,Business Development
56-5344498,Odie Aingel,Civil Engineer,Product Management
39-5325901,Zuzana Lidell,Senior Sales Associate,Product Management
25-2892344,Charo Melton,Chief Design Engineer,Marketing
87-5968494,Elsinore Aspinal,Senior Financial Analyst,Human Resources
71-7448888,Dirk Cloy,Analog Circuit Design manager,Business Development
59-0662807,Magdalen Ling,General Manager,Marketing
75-3406562,Ginger Hawkeswood,Clinical Specialist,Legal
92-1201794,Norris Bencher,Safety Technician II,Research and Development
40-5147847,Zora Flett,Chemical Engineer,Services
81-2109113,Ralph Forsdicke,Senior Sales Associate,Accounting
23-9116274,Benedikta Monteaux,Business Systems Development Analyst,Support
84-9230421,Antonella Dewi,Occupational Therapist,Legal
73-0629570,Worthy Baake,Software Test Engineer II,Legal
69-2180672,Bernhard Krienke,Senior Sales Associate,Engineering
24-8656726,Cortie Yakhin,Automation Specialist III,Marketing
62-5433213,Juliette Beernaert,Accounting Assistant I,Legal
41-1750500,Nikkie Widdall,Senior Sales Associate,Human Resources
30-3117320,Addie Jellard,Teacher,Services
10-4159404,Jasun Spurdon,Statistician IV,Legal
98-5879754,Boot Felgat,Statistician III,Legal
32-0569286,Lorinda Urien,Human Resources Manager,Marketing
86-9435449,Beatriz Keech,Clinical Specialist,Research and Development
90-5217708,Thadeus Maffetti,Compensation Analyst,Sales
14-2747761,Brittni MacCahee,Human Resources Assistant I,Human Resources
83-2237384,Palm Foley,Social Worker,Support
78-8672409,Hube Ruggs,Social Worker,Engineering
71-4967458,Leontyne Creevy,Environmental Specialist,Research and Development
97-8553733,Violante Simson,Assistant Media Planner,Product Management
18-8043652,Corissa Land,Geologist IV,Product Management
41-6703293,Iain Ninnoli,Biostatistician IV,Services
65-0519755,Hashim Ericssen,Associate Professor,Product Management
